id,name,sequence,organism,spectrum,mic_ug_ml
AMP001,Nisin A,ITSISLCTPGCKTGALMGCNMKTATCHCSIHVSK,Streptococcus,Gram+,2.5
AMP002,Magainin 2,GIGKFLHSAGKFGKAFVGEIMKS,Frog skin,Gram+/Gram-,6.0
AMP003,Ll-37,LLGDFFRKSKEKIGKEFKRIVQRIKDFLRNLVPRTES,Xenopus,Gram+/Gram-,1.2
AMP004,Indolicidin,IWQWENGKAWYQKPKKQ,Neutrophil,Gram+/Gram-,4.0
AMP005,Pexiganan,GIGKFLKKAKKFGKAFVKILKK,Bovine,Gram+,8.0
AMP006,Dermaseptin S4,ALWKTMLKKLGTMALHAGKAALGAAADTISQGT,Bovine,Gram-,12.0
AMP007,Bacitracin,ICECICLKGYCG,Bacillus,Gram+,0.5
AMP008,Polymyxin B,KKWWKWWKKWWKK,Bacillus,Gram-,2.0
AMP009,Temporin A,FLPLIGRVLSGIL,Amphibian,Gram+,16.0
AMP010,Protegrin-1,RGGRLCYCRRRFCVCVGR,Neutrophil,Gram+/Gram-,1.0
AMP011,Cecropin A,KWKLFKKIEKVGQNIRDGIIKAGPAVAVVGQATQIAK,Bovine,Gram-,3.5
AMP012,Histatin 5,DSHAKRHHGYKRKFHEKHHSHRGY,Human saliva,Fungal,25.0
